filename,category
1-116765-A-41.wav,1
1-19898-A-41.wav,1
1-19898-B-41.wav,1
1-19898-C-41.wav,1
1-47250-A-41.wav,1
1-47250-B-41.wav,1
1-64398-A-41.wav,1
1-64398-B-41.wav,1
118656-10.wav,1
118656-11.wav,1
118656-12.wav,1
118656-13.wav,1
118656-14.wav,1
118656-15.wav,1
118656-16.wav,1
118656-17.wav,1
118656-18.wav,1
118656-19.wav,1
118656-20.wav,1
118656-21.wav,1
118656-22.wav,1
118656-23.wav,1
118656-24.wav,1
118656-25.wav,1
118656-26.wav,1
118656-27.wav,1
118656-28.wav,1
118656-29.wav,1
118656-30.wav,1
118656-31.wav,1
118656-32.wav,1
118656-33.wav,1
118656-34.wav,1
118656-35.wav,1
118656-37.wav,1
118656-38.wav,1
118656-39.wav,1
118656-4.wav,1
118656-40.wav,1
118656-41.wav,1
118656-42.wav,1
118656-43.wav,1
118656-44.wav,1
118656-45.wav,1
118656-46.wav,1
118656-47.wav,1
118656-48.wav,1
118656-49.wav,1
118656-5.wav,1
118656-50.wav,1
118656-51.wav,1
118656-52.wav,1
118656-53.wav,1
118656-54.wav,1
118656-55.wav,1
118656-56.wav,1
118656-57.wav,1
118656-58.wav,1
118656-59.wav,1
118656-6.wav,1
118656-60.wav,1
118656-61.wav,1
118656-62.wav,1
118656-9.wav,1
118657-2.wav,1
118657-3.wav,1
118657-4.wav,1
118657-5.wav,1
118657-6.wav,1
118658-10.wav,1
118658-11.wav,1
118658-12.wav,1
118658-13.wav,1
118658-2.wav,1
118658-3.wav,1
118658-4.wav,1
118658-5.wav,1
118658-6.wav,1
118658-7.wav,1
118658-9.wav,1
123037-102.wav,1
123037-103.wav,1
123037-104.wav,1
123037-105.wav,1
123037-106.wav,1
123037-107.wav,1
123037-108.wav,1
123037-109.wav,1
123037-110.wav,1
123037-147.wav,1
123037-148.wav,1
123037-149.wav,1
123037-15.wav,1
123037-150.wav,1
123037-151.wav,1
123037-152.wav,1
123037-153.wav,1
123037-154.wav,1
123037-155.wav,1
123037-156.wav,1
123037-157.wav,1
123037-16.wav,1
123037-164.wav,1
123037-165.wav,1
123037-169.wav,1
123037-17.wav,1
123037-18.wav,1
123037-19.wav,1
123037-2.wav,1
123037-20.wav,1
123037-21.wav,1
123037-22.wav,1
123037-23.wav,1
123037-25.wav,1
123037-26.wav,1
123037-32.wav,1
123037-33.wav,1
123037-59.wav,1
123037-60.wav,1
123037-61.wav,1
123037-62.wav,1
123037-63.wav,1
123037-64.wav,1
123037-65.wav,1
149292-0.wav,1
149292-1.wav,1
149292-10.wav,1
149292-11.wav,1
149292-12.wav,1
149292-13.wav,1
149292-14.wav,1
149292-15.wav,1
149292-16.wav,1
149292-17.wav,1
149292-18.wav,1
149292-19.wav,1
149292-2.wav,1
149292-20.wav,1
149292-21.wav,1
149292-22.wav,1
149292-23.wav,1
149292-24.wav,1
149292-3.wav,1
149292-4.wav,1
149292-5.wav,1
149292-6.wav,1
149292-7.wav,1
149292-8.wav,1
149292-9.wav,1
149293-2.wav,1
149293-3.wav,1
149293-4.wav,1
149293-5.wav,1
149294-0.wav,1
149294-1.wav,1
149294-11.wav,1
149294-12.wav,1
149294-13.wav,1
149294-21.wav,1
149294-22.wav,1
149294-3.wav,1
149294-4.wav,1
149294-5.wav,1
149294-6.wav,1
149294-7.wav,1
149294-8.wav,1
149294-9.wav,1
155616-0.wav,1
155616-1.wav,1
155616-10.wav,1
155616-2.wav,1
155616-3.wav,1
155616-4.wav,1
155616-5.wav,1
155616-6.wav,1
155616-7.wav,1
155616-8.wav,1
155616-9.wav,1
157610-0.wav,1
157611-0.wav,1
157611-1.wav,1
157611-2.wav,1
157611-3.wav,1
157611-4.wav,1
165856-0.wav,1
165856-1.wav,1
165856-10.wav,1
165856-11.wav,1
165856-12.wav,1
165856-13.wav,1
165856-14.wav,1
165856-15.wav,1
165856-16.wav,1
165856-17.wav,1
165856-18.wav,1
165856-2.wav,1
165856-21.wav,1
165856-24.wav,1
165856-25.wav,1
165856-26.wav,1
165856-27.wav,1
165856-29.wav,1
165856-3.wav,1
165856-30.wav,1
165856-31.wav,1
165856-32.wav,1
165856-33.wav,1
165856-36.wav,1
165856-39.wav,1
165856-4.wav,1
165856-40.wav,1
165856-41.wav,1
165856-42.wav,1
165856-43.wav,1
165856-5.wav,1
165856-6.wav,1
165856-7.wav,1
165856-8.wav,1
165856-9.wav,1
169127-1.wav,1
169127-2.wav,1
170338-0.wav,1
170338-1.wav,1
170338-12.wav,1
170338-13.wav,1
170338-14.wav,1
170338-15.wav,1
170338-16.wav,1
170338-17.wav,1
170338-18.wav,1
170338-19.wav,1
170338-20.wav,1
170338-21.wav,1
170338-22.wav,1
170338-24.wav,1
170338-25.wav,1
170338-28.wav,1
170338-29.wav,1
170338-30.wav,1
170338-31.wav,1
170338-32.wav,1
170338-33.wav,1
170338-36.wav,1
170338-37.wav,1
170338-40.wav,1
170338-41.wav,1
170338-42.wav,1
170338-5.wav,1
182122-0.wav,1
182122-1.wav,1
182122-2.wav,1
185577-0.wav,1
185577-1.wav,1
185577-2.wav,1
185577-3.wav,1
185577-4.wav,1
185577-5.wav,1
185577-6.wav,1
185577-7.wav,1
185578-0.wav,1
185578-1.wav,1
185578-2.wav,1
185579-0.wav,1
185579-10.wav,1
185579-11.wav,1
185579-12.wav,1
185579-13.wav,1
185579-14.wav,1
185579-16.wav,1
185579-18.wav,1
185579-2.wav,1
185579-3.wav,1
185579-4.wav,1
185579-5.wav,1
185579-6.wav,1
185579-7.wav,1
185579-8.wav,1
185579-9.wav,1
2-50667-A-41.wav,1
2-50667-B-41.wav,1
2-50668-A-41.wav,1
2-50668-B-41.wav,1
2-68391-A-41.wav,1
2-68391-B-41.wav,1
2-77945-A-41.wav,1
2-77945-B-41.wav,1
235795-0.wav,1
235795-1.wav,1
235795-2.wav,1
235795-3.wav,1
235795-4.wav,1
235795-5.wav,1
235795-6.wav,1
235795-7.wav,1
235795-8.wav,1
235795-9.wav,1
277458-0.wav,1
277458-1.wav,1
277458-10.wav,1
277458-11.wav,1
277458-12.wav,1
277458-13.wav,1
277458-14.wav,1
277458-15.wav,1
277458-16.wav,1
277458-17.wav,1
277458-18.wav,1
277458-19.wav,1
277458-2.wav,1
277458-20.wav,1
277458-21.wav,1
277458-22.wav,1
277458-23.wav,1
277458-24.wav,1
277458-25.wav,1
277458-26.wav,1
277458-27.wav,1
277458-28.wav,1
277458-29.wav,1
277458-3.wav,1
277458-30.wav,1
277458-31.wav,1
277458-32.wav,1
277458-33.wav,1
277458-34.wav,1
277458-35.wav,1
277458-36.wav,1
277458-37.wav,1
277458-38.wav,1
277458-39.wav,1
277458-4.wav,1
277458-5.wav,1
277458-6.wav,1
277458-7.wav,1
277458-8.wav,1
277458-9.wav,1
3-118656-A-41.wav,1
3-118657-A-41.wav,1
3-118657-B-41.wav,1
3-118658-A-41.wav,1
3-118658-B-41.wav,1
3-118972-A-41.wav,1
3-118972-B-41.wav,1
3-165856-A-41.wav,1
322884-0.wav,1
322884-1.wav,1
322884-10.wav,1
322884-11.wav,1
322884-12.wav,1
322884-13.wav,1
322884-14.wav,1
322884-15.wav,1
322884-16.wav,1
322884-17.wav,1
322884-18.wav,1
322884-19.wav,1
322884-2.wav,1
322884-20.wav,1
322884-21.wav,1
322884-22.wav,1
322884-23.wav,1
322884-24.wav,1
322884-25.wav,1
322884-3.wav,1
322884-4.wav,1
322884-5.wav,1
322884-6.wav,1
322884-7.wav,1
322884-8.wav,1
322884-9.wav,1
345992-0.wav,1
345992-1.wav,1
345992-10.wav,1
345992-11.wav,1
345992-12.wav,1
345992-13.wav,1
345992-14.wav,1
345992-15.wav,1
345992-16.wav,1
345992-17.wav,1
345992-18.wav,1
345992-2.wav,1
345992-3.wav,1
345992-4.wav,1
345992-5.wav,1
345992-6.wav,1
345992-7.wav,1
345992-8.wav,1
345992-9.wav,1
345993-1.wav,1
345993-10.wav,1
345993-11.wav,1
345993-12.wav,1
345993-13.wav,1
345993-14.wav,1
345993-15.wav,1
345993-16.wav,1
345993-17.wav,1
345993-18.wav,1
345993-2.wav,1
345993-3.wav,1
345993-4.wav,1
345993-5.wav,1
345993-6.wav,1
345993-7.wav,1
345993-8.wav,1
345993-9.wav,1
345994-0.wav,1
345994-1.wav,1
345994-2.wav,1
345994-3.wav,1
345995-0.wav,1
345995-1.wav,1
345995-2.wav,1
345995-3.wav,1
345995-4.wav,1
345995-5.wav,1
360619-0.wav,1
360619-1.wav,1
360619-10.wav,1
360619-11.wav,1
360619-12.wav,1
360619-13.wav,1
360619-14.wav,1
360619-15.wav,1
360619-16.wav,1
360619-17.wav,1
360619-18.wav,1
360619-19.wav,1
360619-2.wav,1
360619-20.wav,1
360619-21.wav,1
360619-22.wav,1
360619-23.wav,1
360619-24.wav,1
360619-25.wav,1
360619-26.wav,1
360619-27.wav,1
360619-28.wav,1
360619-29.wav,1
360619-3.wav,1
360619-30.wav,1
360619-4.wav,1
360619-5.wav,1
360619-6.wav,1
360619-7.wav,1
360619-8.wav,1
360619-9.wav,1
380159-0.wav,1
380159-1.wav,1
380159-14.wav,1
380159-15.wav,1
380159-16.wav,1
380159-17.wav,1
380159-18.wav,1
380159-19.wav,1
380159-2.wav,1
380159-3.wav,1
380159-4.wav,1
380159-5.wav,1
380159-6.wav,1
380159-7.wav,1
380160-0.wav,1
380160-1.wav,1
380160-10.wav,1
380160-12.wav,1
380160-13.wav,1
380160-14.wav,1
380160-15.wav,1
380160-16.wav,1
380160-6.wav,1
380161-0.wav,1
380161-1.wav,1
380161-10.wav,1
380161-11.wav,1
380161-12.wav,1
380161-13.wav,1
380161-14.wav,1
380161-15.wav,1
380161-16.wav,1
380161-17.wav,1
380161-18.wav,1
380161-19.wav,1
380161-20.wav,1
380161-21.wav,1
380161-22.wav,1
380161-23.wav,1
380161-24.wav,1
380161-25.wav,1
380161-26.wav,1
380161-27.wav,1
380161-28.wav,1
380161-29.wav,1
380161-30.wav,1
380161-31.wav,1
380161-32.wav,1
380161-33.wav,1
380161-34.wav,1
380161-35.wav,1
380161-36.wav,1
380161-37.wav,1
380161-38.wav,1
380161-39.wav,1
380161-4.wav,1
380161-40.wav,1
380161-41.wav,1
380161-42.wav,1
380161-43.wav,1
380161-44.wav,1
380161-5.wav,1
380161-6.wav,1
380161-7.wav,1
380161-8.wav,1
380161-9.wav,1
382284-1.wav,1
382284-10.wav,1
382284-11.wav,1
382284-12.wav,1
382284-13.wav,1
382284-14.wav,1
382284-15.wav,1
382284-16.wav,1
382284-17.wav,1
382284-18.wav,1
382284-19.wav,1
382284-2.wav,1
382284-20.wav,1
382284-21.wav,1
382284-22.wav,1
382284-23.wav,1
382284-24.wav,1
382284-25.wav,1
382284-26.wav,1
382284-27.wav,1
382284-28.wav,1
382284-29.wav,1
382284-3.wav,1
382284-30.wav,1
382284-4.wav,1
382284-5.wav,1
382284-6.wav,1
382284-7.wav,1
382284-8.wav,1
382284-9.wav,1
388366-0.wav,1
388366-1.wav,1
388366-2.wav,1
396463-0.wav,1
396463-1.wav,1
396463-2.wav,1
396464-0.wav,1
396464-1.wav,1
396464-2.wav,1
396464-3.wav,1
4-149294-B-41.wav,1
4-157611-A-41.wav,1
4-157611-B-41.wav,1
4-165823-A-41.wav,1
4-165823-B-41.wav,1
4-169127-B-41.wav,1
417290-10.wav,1
417290-11.wav,1
417290-12.wav,1
417290-13.wav,1
417290-14.wav,1
417290-15.wav,1
417290-16.wav,1
417290-17.wav,1
417290-18.wav,1
417290-22.wav,1
417290-23.wav,1
417290-24.wav,1
417290-25.wav,1
417290-26.wav,1
417290-27.wav,1
417290-28.wav,1
417290-29.wav,1
417290-3.wav,1
417290-30.wav,1
417290-31.wav,1
417290-32.wav,1
417290-33.wav,1
417290-7.wav,1
417290-8.wav,1
418042-0.wav,1
418042-1.wav,1
418042-2.wav,1
418042-6.wav,1
425586-0.wav,1
425586-1.wav,1
425586-2.wav,1
425586-4.wav,1
425586-5.wav,1
425586-6.wav,1
425587-1.wav,1
425587-2.wav,1
425587-3.wav,1
425587-4.wav,1
425587-5.wav,1
425587-6.wav,1
425587-7.wav,1
425587-8.wav,1
425588-0.wav,1
425588-1.wav,1
425588-2.wav,1
425588-3.wav,1
431737-0.wav,1
431737-1.wav,1
431737-2.wav,1
431737-3.wav,1
431737-4.wav,1
431737-5.wav,1
431737-6.wav,1
431738-0.wav,1
431738-1.wav,1
431738-10.wav,1
431738-11.wav,1
431738-2.wav,1
431738-3.wav,1
431738-4.wav,1
431738-5.wav,1
431738-6.wav,1
431738-7.wav,1
431738-8.wav,1
431738-9.wav,1
431739-0.wav,1
431739-1.wav,1
431739-2.wav,1
431739-3.wav,1
431739-4.wav,1
431740-0.wav,1
431740-1.wav,1
431741-0.wav,1
431741-1.wav,1
431741-2.wav,1
431741-3.wav,1
431741-4.wav,1
431741-5.wav,1
431742-0.wav,1
431742-1.wav,1
431742-2.wav,1
450857-0.wav,1
450857-1.wav,1
450857-2.wav,1
450858-0.wav,1
450858-1.wav,1
450858-2.wav,1
450858-3.wav,1
451249-0.wav,1
451249-1.wav,1
451249-2.wav,1
461734-0.wav,1
462553-0.wav,1
462553-1.wav,1
462553-2.wav,1
463205-0.wav,1
463205-1.wav,1
463205-10.wav,1
463205-11.wav,1
463205-12.wav,1
463205-2.wav,1
463205-3.wav,1
463205-4.wav,1
463205-5.wav,1
463205-6.wav,1
463205-7.wav,1
463205-8.wav,1
463205-9.wav,1
463206-0.wav,1
463206-1.wav,1
463206-10.wav,1
463206-11.wav,1
463206-12.wav,1
463206-13.wav,1
463206-14.wav,1
463206-15.wav,1
463206-16.wav,1
463206-2.wav,1
463206-3.wav,1
463206-4.wav,1
463206-5.wav,1
463206-6.wav,1
463206-7.wav,1
463206-9.wav,1
463207-0.wav,1
463207-1.wav,1
463207-10.wav,1
463207-2.wav,1
463207-3.wav,1
463207-4.wav,1
463207-5.wav,1
463207-6.wav,1
463207-7.wav,1
463207-8.wav,1
463207-9.wav,1
463729-0.wav,1
463735-0.wav,1
484610-0.wav,1
484610-1.wav,1
5-170338-A-41.wav,1
5-170338-B-41.wav,1
5-185579-A-41.wav,1
5-185579-B-41.wav,1
5-216370-A-41.wav,1
5-216370-B-41.wav,1
505192-6.wav,1
508847-64.wav,1
508847-65.wav,1
508847-66.wav,1
508847-67.wav,1
508847-68.wav,1
508847-69.wav,1
508847-70.wav,1
508847-71.wav,1
508847-72.wav,1
508847-73.wav,1
508847-74.wav,1
508847-75.wav,1
508847-76.wav,1
508847-77.wav,1
512790-10.wav,1
512790-11.wav,1
512790-12.wav,1
512790-13.wav,1
512790-15.wav,1
512790-16.wav,1
512790-17.wav,1
512790-18.wav,1
512790-19.wav,1
512790-2.wav,1
512790-20.wav,1
512790-21.wav,1
512790-22.wav,1
512790-23.wav,1
512790-24.wav,1
512790-25.wav,1
512790-26.wav,1
512790-27.wav,1
512790-28.wav,1
512790-29.wav,1
512790-3.wav,1
512790-30.wav,1
512790-32.wav,1
512790-33.wav,1
512790-34.wav,1
512790-35.wav,1
512790-36.wav,1
512790-4.wav,1
512790-41.wav,1
512790-42.wav,1
512790-43.wav,1
512790-44.wav,1
512790-45.wav,1
512790-46.wav,1
512790-47.wav,1
512790-48.wav,1
512790-49.wav,1
512790-5.wav,1
512790-50.wav,1
512790-51.wav,1
512790-52.wav,1
512790-6.wav,1
512790-7.wav,1
512790-8.wav,1
512790-9.wav,1
512791-14.wav,1
512791-15.wav,1
512791-16.wav,1
512791-17.wav,1
512791-18.wav,1
512791-19.wav,1
512791-24.wav,1
512791-25.wav,1
512791-26.wav,1
512791-27.wav,1
512791-28.wav,1
512791-29.wav,1
512791-3.wav,1
512791-30.wav,1
512791-31.wav,1
512791-32.wav,1
512791-33.wav,1
512791-34.wav,1
512791-35.wav,1
512791-36.wav,1
512791-37.wav,1
512791-38.wav,1
512791-39.wav,1
512791-4.wav,1
512791-40.wav,1
512791-41.wav,1
512791-42.wav,1
512791-43.wav,1
512791-44.wav,1
512791-45.wav,1
512791-46.wav,1
512791-47.wav,1
512791-48.wav,1
512791-49.wav,1
512791-5.wav,1
512791-50.wav,1
512791-51.wav,1
512791-53.wav,1
512791-54.wav,1
512791-55.wav,1
512791-56.wav,1
512791-57.wav,1
512791-58.wav,1
512791-59.wav,1
512791-6.wav,1
512791-60.wav,1
512791-61.wav,1
512791-62.wav,1
512791-63.wav,1
512791-64.wav,1
512791-65.wav,1
512791-7.wav,1
512791-8.wav,1
512791-9.wav,1
07010142-1.wav,0
07010142-10.wav,0
07010142-11.wav,0
07010142-12.wav,0
07010142-13.wav,0
07010142-14.wav,0
07010142-15.wav,0
07010142-16.wav,0
07010142-17.wav,0
07010142-18.wav,0
07010142-19.wav,0
07010142-2.wav,0
07010142-20.wav,0
07010142-21.wav,0
07010142-22.wav,0
07010142-23.wav,0
07010142-24.wav,0
07010142-25.wav,0
07010142-26.wav,0
07010142-27.wav,0
07010142-28.wav,0
07010142-3.wav,0
07010142-4.wav,0
07010142-5.wav,0
07010142-6.wav,0
07010142-7.wav,0
07010142-8.wav,0
07010142-9.wav,0
07042210-1.wav,0
07042210-10.wav,0
07042210-11.wav,0
07042210-12.wav,0
07042210-13.wav,0
07042210-14.wav,0
07042210-15.wav,0
07042210-16.wav,0
07042210-17.wav,0
07042210-18.wav,0
07042210-19.wav,0
07042210-2.wav,0
07042210-20.wav,0
07042210-21.wav,0
07042210-22.wav,0
07042210-23.wav,0
07042210-24.wav,0
07042210-3.wav,0
07042210-4.wav,0
07042210-5.wav,0
07042210-6.wav,0
07042210-7.wav,0
07042210-8.wav,0
07042210-9.wav,0
07076028-1.wav,0
07076028-10.wav,0
07076028-100.wav,0
07076028-101.wav,0
07076028-11.wav,0
07076028-12.wav,0
07076028-13.wav,0
07076028-14.wav,0
07076028-15.wav,0
07076028-16.wav,0
07076028-17.wav,0
07076028-18.wav,0
07076028-19.wav,0
07076028-2.wav,0
07076028-20.wav,0
07076028-21.wav,0
07076028-22.wav,0
07076028-23.wav,0
07076028-24.wav,0
07076028-25.wav,0
07076028-26.wav,0
07076028-27.wav,0
07076028-28.wav,0
07076028-29.wav,0
07076028-3.wav,0
07076028-30.wav,0
07076028-31.wav,0
07076028-32.wav,0
07076028-33.wav,0
07076028-34.wav,0
07076028-35.wav,0
07076028-36.wav,0
07076028-37.wav,0
07076028-38.wav,0
07076028-39.wav,0
07076028-4.wav,0
07076028-40.wav,0
07076028-41.wav,0
07076028-42.wav,0
07076028-43.wav,0
07076028-44.wav,0
07076028-45.wav,0
07076028-46.wav,0
07076028-47.wav,0
07076028-48.wav,0
07076028-49.wav,0
07076028-5.wav,0
07076028-50.wav,0
07076028-51.wav,0
07076028-52.wav,0
07076028-53.wav,0
07076028-54.wav,0
07076028-55.wav,0
07076028-56.wav,0
07076028-57.wav,0
07076028-58.wav,0
07076028-59.wav,0
07076028-6.wav,0
07076028-60.wav,0
07076028-61.wav,0
07076028-62.wav,0
07076028-63.wav,0
07076028-64.wav,0
07076028-65.wav,0
07076028-66.wav,0
07076028-67.wav,0
07076028-68.wav,0
07076028-69.wav,0
07076028-7.wav,0
07076028-70.wav,0
07076028-71.wav,0
07076028-72.wav,0
07076028-73.wav,0
07076028-74.wav,0
07076028-75.wav,0
07076028-76.wav,0
07076028-77.wav,0
07076028-78.wav,0
07076028-79.wav,0
07076028-8.wav,0
07076028-80.wav,0
07076028-81.wav,0
07076028-82.wav,0
07076028-83.wav,0
07076028-84.wav,0
07076028-85.wav,0
07076028-86.wav,0
07076028-87.wav,0
07076028-88.wav,0
07076028-89.wav,0
07076028-9.wav,0
07076028-90.wav,0
07076028-91.wav,0
07076028-92.wav,0
07076028-93.wav,0
07076028-94.wav,0
07076028-95.wav,0
07076028-96.wav,0
07076028-97.wav,0
07076028-98.wav,0
07076028-99.wav,0
147582__kangaroovindaloo__fryers-forest-dawn-long-version-1.wav,0
147582__kangaroovindaloo__fryers-forest-dawn-long-version-10.wav,0
147582__kangaroovindaloo__fryers-forest-dawn-long-version-11.wav,0
147582__kangaroovindaloo__fryers-forest-dawn-long-version-12.wav,0
147582__kangaroovindaloo__fryers-forest-dawn-long-version-13.wav,0
147582__kangaroovindaloo__fryers-forest-dawn-long-version-14.wav,0
147582__kangaroovindaloo__fryers-forest-dawn-long-version-15.wav,0
147582__kangaroovindaloo__fryers-forest-dawn-long-version-16.wav,0
147582__kangaroovindaloo__fryers-forest-dawn-long-version-17.wav,0
147582__kangaroovindaloo__fryers-forest-dawn-long-version-18.wav,0
147582__kangaroovindaloo__fryers-forest-dawn-long-version-19.wav,0
147582__kangaroovindaloo__fryers-forest-dawn-long-version-2.wav,0
147582__kangaroovindaloo__fryers-forest-dawn-long-version-20.wav,0
147582__kangaroovindaloo__fryers-forest-dawn-long-version-21.wav,0
147582__kangaroovindaloo__fryers-forest-dawn-long-version-22.wav,0
147582__kangaroovindaloo__fryers-forest-dawn-long-version-23.wav,0
147582__kangaroovindaloo__fryers-forest-dawn-long-version-24.wav,0
147582__kangaroovindaloo__fryers-forest-dawn-long-version-25.wav,0
147582__kangaroovindaloo__fryers-forest-dawn-long-version-26.wav,0
147582__kangaroovindaloo__fryers-forest-dawn-long-version-27.wav,0
147582__kangaroovindaloo__fryers-forest-dawn-long-version-28.wav,0
147582__kangaroovindaloo__fryers-forest-dawn-long-version-29.wav,0
147582__kangaroovindaloo__fryers-forest-dawn-long-version-3.wav,0
147582__kangaroovindaloo__fryers-forest-dawn-long-version-30.wav,0
147582__kangaroovindaloo__fryers-forest-dawn-long-version-31.wav,0
147582__kangaroovindaloo__fryers-forest-dawn-long-version-32.wav,0
147582__kangaroovindaloo__fryers-forest-dawn-long-version-33.wav,0
147582__kangaroovindaloo__fryers-forest-dawn-long-version-34.wav,0
147582__kangaroovindaloo__fryers-forest-dawn-long-version-35.wav,0
147582__kangaroovindaloo__fryers-forest-dawn-long-version-36.wav,0
147582__kangaroovindaloo__fryers-forest-dawn-long-version-37.wav,0
147582__kangaroovindaloo__fryers-forest-dawn-long-version-38.wav,0
147582__kangaroovindaloo__fryers-forest-dawn-long-version-39.wav,0
147582__kangaroovindaloo__fryers-forest-dawn-long-version-4.wav,0
147582__kangaroovindaloo__fryers-forest-dawn-long-version-40.wav,0
147582__kangaroovindaloo__fryers-forest-dawn-long-version-41.wav,0
147582__kangaroovindaloo__fryers-forest-dawn-long-version-42.wav,0
147582__kangaroovindaloo__fryers-forest-dawn-long-version-43.wav,0
147582__kangaroovindaloo__fryers-forest-dawn-long-version-44.wav,0
147582__kangaroovindaloo__fryers-forest-dawn-long-version-45.wav,0
147582__kangaroovindaloo__fryers-forest-dawn-long-version-46.wav,0
147582__kangaroovindaloo__fryers-forest-dawn-long-version-47.wav,0
147582__kangaroovindaloo__fryers-forest-dawn-long-version-48.wav,0
147582__kangaroovindaloo__fryers-forest-dawn-long-version-49.wav,0
147582__kangaroovindaloo__fryers-forest-dawn-long-version-5.wav,0
147582__kangaroovindaloo__fryers-forest-dawn-long-version-50.wav,0
147582__kangaroovindaloo__fryers-forest-dawn-long-version-51.wav,0
147582__kangaroovindaloo__fryers-forest-dawn-long-version-52.wav,0
147582__kangaroovindaloo__fryers-forest-dawn-long-version-53.wav,0
147582__kangaroovindaloo__fryers-forest-dawn-long-version-54.wav,0
147582__kangaroovindaloo__fryers-forest-dawn-long-version-55.wav,0
147582__kangaroovindaloo__fryers-forest-dawn-long-version-56.wav,0
147582__kangaroovindaloo__fryers-forest-dawn-long-version-57.wav,0
147582__kangaroovindaloo__fryers-forest-dawn-long-version-58.wav,0
147582__kangaroovindaloo__fryers-forest-dawn-long-version-59.wav,0
147582__kangaroovindaloo__fryers-forest-dawn-long-version-6.wav,0
147582__kangaroovindaloo__fryers-forest-dawn-long-version-60.wav,0
147582__kangaroovindaloo__fryers-forest-dawn-long-version-61.wav,0
147582__kangaroovindaloo__fryers-forest-dawn-long-version-62.wav,0
147582__kangaroovindaloo__fryers-forest-dawn-long-version-63.wav,0
147582__kangaroovindaloo__fryers-forest-dawn-long-version-64.wav,0
147582__kangaroovindaloo__fryers-forest-dawn-long-version-65.wav,0
147582__kangaroovindaloo__fryers-forest-dawn-long-version-66.wav,0
147582__kangaroovindaloo__fryers-forest-dawn-long-version-67.wav,0
147582__kangaroovindaloo__fryers-forest-dawn-long-version-68.wav,0
147582__kangaroovindaloo__fryers-forest-dawn-long-version-69.wav,0
147582__kangaroovindaloo__fryers-forest-dawn-long-version-7.wav,0
147582__kangaroovindaloo__fryers-forest-dawn-long-version-70.wav,0
147582__kangaroovindaloo__fryers-forest-dawn-long-version-71.wav,0
147582__kangaroovindaloo__fryers-forest-dawn-long-version-72.wav,0
147582__kangaroovindaloo__fryers-forest-dawn-long-version-73.wav,0
147582__kangaroovindaloo__fryers-forest-dawn-long-version-74.wav,0
147582__kangaroovindaloo__fryers-forest-dawn-long-version-75.wav,0
147582__kangaroovindaloo__fryers-forest-dawn-long-version-76.wav,0
147582__kangaroovindaloo__fryers-forest-dawn-long-version-77.wav,0
147582__kangaroovindaloo__fryers-forest-dawn-long-version-78.wav,0
147582__kangaroovindaloo__fryers-forest-dawn-long-version-79.wav,0
147582__kangaroovindaloo__fryers-forest-dawn-long-version-8.wav,0
147582__kangaroovindaloo__fryers-forest-dawn-long-version-80.wav,0
147582__kangaroovindaloo__fryers-forest-dawn-long-version-81.wav,0
147582__kangaroovindaloo__fryers-forest-dawn-long-version-82.wav,0
147582__kangaroovindaloo__fryers-forest-dawn-long-version-83.wav,0
147582__kangaroovindaloo__fryers-forest-dawn-long-version-84.wav,0
147582__kangaroovindaloo__fryers-forest-dawn-long-version-85.wav,0
147582__kangaroovindaloo__fryers-forest-dawn-long-version-86.wav,0
147582__kangaroovindaloo__fryers-forest-dawn-long-version-87.wav,0
147582__kangaroovindaloo__fryers-forest-dawn-long-version-88.wav,0
147582__kangaroovindaloo__fryers-forest-dawn-long-version-89.wav,0
147582__kangaroovindaloo__fryers-forest-dawn-long-version-9.wav,0
248105__craftcrest__waterfall-in-the-forest-rear-1.wav,0
248105__craftcrest__waterfall-in-the-forest-rear-10.wav,0
248105__craftcrest__waterfall-in-the-forest-rear-11.wav,0
248105__craftcrest__waterfall-in-the-forest-rear-12.wav,0
248105__craftcrest__waterfall-in-the-forest-rear-13.wav,0
248105__craftcrest__waterfall-in-the-forest-rear-14.wav,0
248105__craftcrest__waterfall-in-the-forest-rear-15.wav,0
248105__craftcrest__waterfall-in-the-forest-rear-16.wav,0
248105__craftcrest__waterfall-in-the-forest-rear-17.wav,0
248105__craftcrest__waterfall-in-the-forest-rear-18.wav,0
248105__craftcrest__waterfall-in-the-forest-rear-19.wav,0
248105__craftcrest__waterfall-in-the-forest-rear-2.wav,0
248105__craftcrest__waterfall-in-the-forest-rear-20.wav,0
248105__craftcrest__waterfall-in-the-forest-rear-21.wav,0
248105__craftcrest__waterfall-in-the-forest-rear-22.wav,0
248105__craftcrest__waterfall-in-the-forest-rear-23.wav,0
248105__craftcrest__waterfall-in-the-forest-rear-24.wav,0
248105__craftcrest__waterfall-in-the-forest-rear-25.wav,0
248105__craftcrest__waterfall-in-the-forest-rear-26.wav,0
248105__craftcrest__waterfall-in-the-forest-rear-27.wav,0
248105__craftcrest__waterfall-in-the-forest-rear-28.wav,0
248105__craftcrest__waterfall-in-the-forest-rear-29.wav,0
248105__craftcrest__waterfall-in-the-forest-rear-3.wav,0
248105__craftcrest__waterfall-in-the-forest-rear-30.wav,0
248105__craftcrest__waterfall-in-the-forest-rear-31.wav,0
248105__craftcrest__waterfall-in-the-forest-rear-32.wav,0
248105__craftcrest__waterfall-in-the-forest-rear-33.wav,0
248105__craftcrest__waterfall-in-the-forest-rear-34.wav,0
248105__craftcrest__waterfall-in-the-forest-rear-35.wav,0
248105__craftcrest__waterfall-in-the-forest-rear-36.wav,0
248105__craftcrest__waterfall-in-the-forest-rear-37.wav,0
248105__craftcrest__waterfall-in-the-forest-rear-38.wav,0
248105__craftcrest__waterfall-in-the-forest-rear-39.wav,0
248105__craftcrest__waterfall-in-the-forest-rear-4.wav,0
248105__craftcrest__waterfall-in-the-forest-rear-40.wav,0
248105__craftcrest__waterfall-in-the-forest-rear-41.wav,0
248105__craftcrest__waterfall-in-the-forest-rear-42.wav,0
248105__craftcrest__waterfall-in-the-forest-rear-43.wav,0
248105__craftcrest__waterfall-in-the-forest-rear-44.wav,0
248105__craftcrest__waterfall-in-the-forest-rear-45.wav,0
248105__craftcrest__waterfall-in-the-forest-rear-46.wav,0
248105__craftcrest__waterfall-in-the-forest-rear-47.wav,0
248105__craftcrest__waterfall-in-the-forest-rear-48.wav,0
248105__craftcrest__waterfall-in-the-forest-rear-49.wav,0
248105__craftcrest__waterfall-in-the-forest-rear-5.wav,0
248105__craftcrest__waterfall-in-the-forest-rear-50.wav,0
248105__craftcrest__waterfall-in-the-forest-rear-51.wav,0
248105__craftcrest__waterfall-in-the-forest-rear-52.wav,0
248105__craftcrest__waterfall-in-the-forest-rear-53.wav,0
248105__craftcrest__waterfall-in-the-forest-rear-54.wav,0
248105__craftcrest__waterfall-in-the-forest-rear-55.wav,0
248105__craftcrest__waterfall-in-the-forest-rear-56.wav,0
248105__craftcrest__waterfall-in-the-forest-rear-57.wav,0
248105__craftcrest__waterfall-in-the-forest-rear-58.wav,0
248105__craftcrest__waterfall-in-the-forest-rear-59.wav,0
248105__craftcrest__waterfall-in-the-forest-rear-6.wav,0
248105__craftcrest__waterfall-in-the-forest-rear-60.wav,0
248105__craftcrest__waterfall-in-the-forest-rear-61.wav,0
248105__craftcrest__waterfall-in-the-forest-rear-62.wav,0
248105__craftcrest__waterfall-in-the-forest-rear-7.wav,0
248105__craftcrest__waterfall-in-the-forest-rear-8.wav,0
248105__craftcrest__waterfall-in-the-forest-rear-9.wav,0
347551__tarane468__crickets-1.wav,0
347551__tarane468__crickets-10.wav,0
347551__tarane468__crickets-11.wav,0
347551__tarane468__crickets-12.wav,0
347551__tarane468__crickets-13.wav,0
347551__tarane468__crickets-14.wav,0
347551__tarane468__crickets-15.wav,0
347551__tarane468__crickets-16.wav,0
347551__tarane468__crickets-17.wav,0
347551__tarane468__crickets-18.wav,0
347551__tarane468__crickets-19.wav,0
347551__tarane468__crickets-2.wav,0
347551__tarane468__crickets-20.wav,0
347551__tarane468__crickets-21.wav,0
347551__tarane468__crickets-22.wav,0
347551__tarane468__crickets-23.wav,0
347551__tarane468__crickets-24.wav,0
347551__tarane468__crickets-25.wav,0
347551__tarane468__crickets-26.wav,0
347551__tarane468__crickets-27.wav,0
347551__tarane468__crickets-28.wav,0
347551__tarane468__crickets-29.wav,0
347551__tarane468__crickets-3.wav,0
347551__tarane468__crickets-30.wav,0
347551__tarane468__crickets-31.wav,0
347551__tarane468__crickets-32.wav,0
347551__tarane468__crickets-33.wav,0
347551__tarane468__crickets-34.wav,0
347551__tarane468__crickets-35.wav,0
347551__tarane468__crickets-36.wav,0
347551__tarane468__crickets-4.wav,0
347551__tarane468__crickets-5.wav,0
347551__tarane468__crickets-6.wav,0
347551__tarane468__crickets-7.wav,0
347551__tarane468__crickets-8.wav,0
347551__tarane468__crickets-9.wav,0
459925__rtb45__costa-rica-rainforest-1.wav,0
459925__rtb45__costa-rica-rainforest-10.wav,0
459925__rtb45__costa-rica-rainforest-11.wav,0
459925__rtb45__costa-rica-rainforest-12.wav,0
459925__rtb45__costa-rica-rainforest-13.wav,0
459925__rtb45__costa-rica-rainforest-14.wav,0
459925__rtb45__costa-rica-rainforest-15.wav,0
459925__rtb45__costa-rica-rainforest-16.wav,0
459925__rtb45__costa-rica-rainforest-17.wav,0
459925__rtb45__costa-rica-rainforest-18.wav,0
459925__rtb45__costa-rica-rainforest-19.wav,0
459925__rtb45__costa-rica-rainforest-2.wav,0
459925__rtb45__costa-rica-rainforest-20.wav,0
459925__rtb45__costa-rica-rainforest-21.wav,0
459925__rtb45__costa-rica-rainforest-22.wav,0
459925__rtb45__costa-rica-rainforest-23.wav,0
459925__rtb45__costa-rica-rainforest-24.wav,0
459925__rtb45__costa-rica-rainforest-25.wav,0
459925__rtb45__costa-rica-rainforest-26.wav,0
459925__rtb45__costa-rica-rainforest-27.wav,0
459925__rtb45__costa-rica-rainforest-28.wav,0
459925__rtb45__costa-rica-rainforest-29.wav,0
459925__rtb45__costa-rica-rainforest-3.wav,0
459925__rtb45__costa-rica-rainforest-30.wav,0
459925__rtb45__costa-rica-rainforest-31.wav,0
459925__rtb45__costa-rica-rainforest-32.wav,0
459925__rtb45__costa-rica-rainforest-33.wav,0
459925__rtb45__costa-rica-rainforest-34.wav,0
459925__rtb45__costa-rica-rainforest-35.wav,0
459925__rtb45__costa-rica-rainforest-36.wav,0
459925__rtb45__costa-rica-rainforest-37.wav,0
459925__rtb45__costa-rica-rainforest-38.wav,0
459925__rtb45__costa-rica-rainforest-39.wav,0
459925__rtb45__costa-rica-rainforest-4.wav,0
459925__rtb45__costa-rica-rainforest-40.wav,0
459925__rtb45__costa-rica-rainforest-41.wav,0
459925__rtb45__costa-rica-rainforest-42.wav,0
459925__rtb45__costa-rica-rainforest-43.wav,0
459925__rtb45__costa-rica-rainforest-44.wav,0
459925__rtb45__costa-rica-rainforest-45.wav,0
459925__rtb45__costa-rica-rainforest-46.wav,0
459925__rtb45__costa-rica-rainforest-47.wav,0
459925__rtb45__costa-rica-rainforest-48.wav,0
459925__rtb45__costa-rica-rainforest-49.wav,0
459925__rtb45__costa-rica-rainforest-5.wav,0
459925__rtb45__costa-rica-rainforest-50.wav,0
459925__rtb45__costa-rica-rainforest-51.wav,0
459925__rtb45__costa-rica-rainforest-52.wav,0
459925__rtb45__costa-rica-rainforest-53.wav,0
459925__rtb45__costa-rica-rainforest-54.wav,0
459925__rtb45__costa-rica-rainforest-55.wav,0
459925__rtb45__costa-rica-rainforest-56.wav,0
459925__rtb45__costa-rica-rainforest-57.wav,0
459925__rtb45__costa-rica-rainforest-58.wav,0
459925__rtb45__costa-rica-rainforest-59.wav,0
459925__rtb45__costa-rica-rainforest-6.wav,0
459925__rtb45__costa-rica-rainforest-60.wav,0
459925__rtb45__costa-rica-rainforest-61.wav,0
459925__rtb45__costa-rica-rainforest-62.wav,0
459925__rtb45__costa-rica-rainforest-63.wav,0
459925__rtb45__costa-rica-rainforest-64.wav,0
459925__rtb45__costa-rica-rainforest-65.wav,0
459925__rtb45__costa-rica-rainforest-66.wav,0
459925__rtb45__costa-rica-rainforest-67.wav,0
459925__rtb45__costa-rica-rainforest-68.wav,0
459925__rtb45__costa-rica-rainforest-7.wav,0
459925__rtb45__costa-rica-rainforest-8.wav,0
459925__rtb45__costa-rica-rainforest-9.wav,0
551318__byjoshberry__trees-blowing-in-a-steady-wind-1.wav,0
551318__byjoshberry__trees-blowing-in-a-steady-wind-10.wav,0
551318__byjoshberry__trees-blowing-in-a-steady-wind-11.wav,0
551318__byjoshberry__trees-blowing-in-a-steady-wind-12.wav,0
551318__byjoshberry__trees-blowing-in-a-steady-wind-13.wav,0
551318__byjoshberry__trees-blowing-in-a-steady-wind-14.wav,0
551318__byjoshberry__trees-blowing-in-a-steady-wind-15.wav,0
551318__byjoshberry__trees-blowing-in-a-steady-wind-16.wav,0
551318__byjoshberry__trees-blowing-in-a-steady-wind-17.wav,0
551318__byjoshberry__trees-blowing-in-a-steady-wind-18.wav,0
551318__byjoshberry__trees-blowing-in-a-steady-wind-19.wav,0
551318__byjoshberry__trees-blowing-in-a-steady-wind-2.wav,0
551318__byjoshberry__trees-blowing-in-a-steady-wind-20.wav,0
551318__byjoshberry__trees-blowing-in-a-steady-wind-21.wav,0
551318__byjoshberry__trees-blowing-in-a-steady-wind-22.wav,0
551318__byjoshberry__trees-blowing-in-a-steady-wind-23.wav,0
551318__byjoshberry__trees-blowing-in-a-steady-wind-24.wav,0
551318__byjoshberry__trees-blowing-in-a-steady-wind-25.wav,0
551318__byjoshberry__trees-blowing-in-a-steady-wind-26.wav,0
551318__byjoshberry__trees-blowing-in-a-steady-wind-27.wav,0
551318__byjoshberry__trees-blowing-in-a-steady-wind-28.wav,0
551318__byjoshberry__trees-blowing-in-a-steady-wind-3.wav,0
551318__byjoshberry__trees-blowing-in-a-steady-wind-4.wav,0
551318__byjoshberry__trees-blowing-in-a-steady-wind-5.wav,0
551318__byjoshberry__trees-blowing-in-a-steady-wind-6.wav,0
551318__byjoshberry__trees-blowing-in-a-steady-wind-7.wav,0
551318__byjoshberry__trees-blowing-in-a-steady-wind-8.wav,0
551318__byjoshberry__trees-blowing-in-a-steady-wind-9.wav,0
75263__garybran__heavyfootstompsinforest-1.wav,0
75263__garybran__heavyfootstompsinforest-2.wav,0
75263__garybran__heavyfootstompsinforest-3.wav,0
75263__garybran__heavyfootstompsinforest-4.wav,0
75263__garybran__heavyfootstompsinforest-5.wav,0
75263__garybran__heavyfootstompsinforest-6.wav,0
75263__garybran__heavyfootstompsinforest-7.wav,0
75263__garybran__heavyfootstompsinforest-8.wav,0
75263__garybran__heavyfootstompsinforest-9.wav,0
a039_0_10-1.wav,0
a039_0_10-2.wav,0
a039_0_10-3.wav,0
a039_100_110-1.wav,0
a039_100_110-2.wav,0
a039_100_110-3.wav,0
a039_10_20-1.wav,0
a039_10_20-2.wav,0
a039_10_20-3.wav,0
a039_110_120-1.wav,0
a039_110_120-2.wav,0
a039_110_120-3.wav,0
a039_120_130-1.wav,0
a039_120_130-2.wav,0
a039_120_130-3.wav,0
a039_130_140-1.wav,0
a039_130_140-2.wav,0
a039_130_140-3.wav,0
a039_140_150-1.wav,0
a039_140_150-2.wav,0
a039_140_150-3.wav,0
a039_20_30-1.wav,0
a039_20_30-2.wav,0
a039_20_30-3.wav,0
a039_30_40-1.wav,0
a039_30_40-2.wav,0
a039_30_40-3.wav,0
a039_40_50-1.wav,0
a039_40_50-2.wav,0
a039_40_50-3.wav,0
a039_50_60-1.wav,0
a039_50_60-2.wav,0
a039_50_60-3.wav,0
a039_60_70-1.wav,0
a039_60_70-2.wav,0
a039_60_70-3.wav,0
a039_70_80-1.wav,0
a039_70_80-2.wav,0
a039_70_80-3.wav,0
a039_80_90-1.wav,0
a039_80_90-2.wav,0
a039_80_90-3.wav,0
a039_90_100-1.wav,0
a039_90_100-2.wav,0
a039_90_100-3.wav,0
a040_100_110-1.wav,0
a040_100_110-2.wav,0
a040_100_110-3.wav,0
a040_10_20-1.wav,0
a040_10_20-2.wav,0
a040_10_20-3.wav,0
a040_110_120-1.wav,0
a040_110_120-2.wav,0
a040_110_120-3.wav,0
a040_141_151-1.wav,0
a040_141_151-2.wav,0
a040_141_151-3.wav,0
a040_151_161-1.wav,0
a040_151_161-2.wav,0
a040_151_161-3.wav,0
a040_161_171-1.wav,0
a040_161_171-2.wav,0
a040_161_171-3.wav,0
a040_20_30-1.wav,0
a040_20_30-2.wav,0
a040_20_30-3.wav,0
a040_30_40-1.wav,0
a040_30_40-2.wav,0
a040_30_40-3.wav,0
a040_40_50-1.wav,0
a040_40_50-2.wav,0
a040_40_50-3.wav,0
a040_70_80-1.wav,0
a040_70_80-2.wav,0
a040_70_80-3.wav,0
a040_80_90-1.wav,0
a040_80_90-2.wav,0
a040_80_90-3.wav,0
a041_0_10-1.wav,0
a041_0_10-2.wav,0
a041_0_10-3.wav,0
a041_10_20-1.wav,0
a041_10_20-2.wav,0
a041_10_20-3.wav,0
a041_113_123-1.wav,0
a041_113_123-2.wav,0
a041_113_123-3.wav,0
a041_123_133-1.wav,0
a041_123_133-2.wav,0
a041_123_133-3.wav,0
a041_133_143-1.wav,0
a041_133_143-2.wav,0
a041_133_143-3.wav,0
a041_143_153-1.wav,0
a041_143_153-2.wav,0
a041_143_153-3.wav,0
a041_153_163-1.wav,0
a041_153_163-2.wav,0
a041_153_163-3.wav,0
a041_163_173-1.wav,0
a041_163_173-2.wav,0
a041_163_173-3.wav,0
a041_20_30-1.wav,0
a041_20_30-2.wav,0
a041_20_30-3.wav,0
a041_55_65-1.wav,0
a041_55_65-2.wav,0
a041_55_65-3.wav,0
a041_65_75-1.wav,0
a041_65_75-2.wav,0
a041_65_75-3.wav,0
a041_75_85-1.wav,0
a041_75_85-2.wav,0
a041_75_85-3.wav,0
a042_103_113-1.wav,0
a042_103_113-2.wav,0
a042_103_113-3.wav,0
a042_113_123-1.wav,0
a042_113_123-2.wav,0
a042_113_123-3.wav,0
a042_123_133-1.wav,0
a042_123_133-2.wav,0
a042_123_133-3.wav,0
a042_133_143-1.wav,0
a042_133_143-2.wav,0
a042_133_143-3.wav,0
a042_53_63-1.wav,0
a042_53_63-2.wav,0
a042_53_63-3.wav,0
a042_63_73-1.wav,0
a042_63_73-2.wav,0
a042_63_73-3.wav,0
a042_73_83-1.wav,0
a042_73_83-2.wav,0
a042_73_83-3.wav,0
a042_83_93-1.wav,0
a042_83_93-2.wav,0
a042_83_93-3.wav,0
a042_93_103-1.wav,0
a042_93_103-2.wav,0
a042_93_103-3.wav,0
a043_0_10-1.wav,0
a043_0_10-2.wav,0
a043_0_10-3.wav,0
a043_100_110-1.wav,0
a043_100_110-2.wav,0
a043_100_110-3.wav,0
a043_10_20-1.wav,0
a043_10_20-2.wav,0
a043_10_20-3.wav,0
a043_110_120-1.wav,0
a043_110_120-2.wav,0
a043_110_120-3.wav,0
a043_120_130-1.wav,0
a043_120_130-2.wav,0
a043_120_130-3.wav,0
a043_130_140-1.wav,0
a043_130_140-2.wav,0
a043_130_140-3.wav,0
a043_140_150-1.wav,0
a043_140_150-2.wav,0
a043_140_150-3.wav,0
a043_150_160-1.wav,0
a043_150_160-2.wav,0
a043_150_160-3.wav,0
a043_160_170-1.wav,0
a043_160_170-2.wav,0
a043_160_170-3.wav,0
a043_170_180-1.wav,0
a043_170_180-2.wav,0
a043_170_180-3.wav,0
a043_20_30-1.wav,0
a043_20_30-2.wav,0
a043_20_30-3.wav,0
a043_30_40-1.wav,0
a043_30_40-2.wav,0
a043_30_40-3.wav,0
a043_40_50-1.wav,0
a043_40_50-2.wav,0
a043_40_50-3.wav,0
a043_50_60-1.wav,0
a043_50_60-2.wav,0
a043_50_60-3.wav,0
a043_60_70-1.wav,0
a043_60_70-2.wav,0
a043_60_70-3.wav,0
a043_70_80-1.wav,0
a043_70_80-2.wav,0
a043_70_80-3.wav,0
a043_80_90-1.wav,0
a043_80_90-2.wav,0
a043_80_90-3.wav,0
a043_90_100-1.wav,0
a043_90_100-2.wav,0
a043_90_100-3.wav,0
a055_0_10-1.wav,0
a055_0_10-2.wav,0
a055_0_10-3.wav,0
a055_100_110-1.wav,0
a055_100_110-2.wav,0
a055_100_110-3.wav,0
a055_10_20-1.wav,0
a055_10_20-2.wav,0
a055_10_20-3.wav,0
a055_110_120-1.wav,0
a055_110_120-2.wav,0
a055_110_120-3.wav,0
a055_120_130-1.wav,0
a055_120_130-2.wav,0
a055_120_130-3.wav,0
a055_130_140-1.wav,0
a055_130_140-2.wav,0
a055_130_140-3.wav,0
a055_140_150-1.wav,0
a055_140_150-2.wav,0
a055_140_150-3.wav,0
a055_150_160-1.wav,0
a055_150_160-2.wav,0
a055_150_160-3.wav,0
a055_160_170-1.wav,0
a055_160_170-2.wav,0
a055_160_170-3.wav,0
a055_170_180-1.wav,0
a055_170_180-2.wav,0
a055_170_180-3.wav,0
a055_20_30-1.wav,0
a055_20_30-2.wav,0
a055_20_30-3.wav,0
a055_30_40-1.wav,0
a055_30_40-2.wav,0
a055_30_40-3.wav,0
a055_40_50-1.wav,0
a055_40_50-2.wav,0
a055_40_50-3.wav,0
a055_50_60-1.wav,0
a055_50_60-2.wav,0
a055_50_60-3.wav,0
a055_60_70-1.wav,0
a055_60_70-2.wav,0
a055_60_70-3.wav,0
a055_70_80-1.wav,0
a055_70_80-2.wav,0
a055_70_80-3.wav,0
a055_80_90-1.wav,0
a055_80_90-2.wav,0
a055_80_90-3.wav,0
a055_90_100-1.wav,0
a055_90_100-2.wav,0
a055_90_100-3.wav,0
a056_0_10-1.wav,0
a056_0_10-2.wav,0
a056_0_10-3.wav,0
a056_100_110-1.wav,0
a056_100_110-2.wav,0
a056_100_110-3.wav,0
a056_10_20-1.wav,0
a056_10_20-2.wav,0
a056_10_20-3.wav,0
a056_110_120-1.wav,0
a056_110_120-2.wav,0
a056_110_120-3.wav,0
a056_120_130-1.wav,0
a056_120_130-2.wav,0
a056_120_130-3.wav,0
a056_130_140-1.wav,0
a056_130_140-2.wav,0
a056_130_140-3.wav,0
a056_140_150-1.wav,0
a056_140_150-2.wav,0
a056_140_150-3.wav,0
a056_150_160-1.wav,0
a056_150_160-2.wav,0
a056_150_160-3.wav,0
a056_160_170-1.wav,0
a056_160_170-2.wav,0
a056_160_170-3.wav,0
a056_170_180-1.wav,0
a056_170_180-2.wav,0
a056_170_180-3.wav,0
a056_20_30-1.wav,0
a056_20_30-2.wav,0
a056_20_30-3.wav,0
a056_30_40-1.wav,0
a056_30_40-2.wav,0
a056_30_40-3.wav,0
a056_40_50-1.wav,0
a056_40_50-2.wav,0
a056_40_50-3.wav,0
a056_50_60-1.wav,0
a056_50_60-2.wav,0
a056_50_60-3.wav,0
a056_60_70-1.wav,0
a056_60_70-2.wav,0
a056_60_70-3.wav,0
a056_70_80-1.wav,0
a056_70_80-2.wav,0
a056_70_80-3.wav,0
a056_80_90-1.wav,0
a056_80_90-2.wav,0
a056_80_90-3.wav,0
a056_90_100-1.wav,0
a056_90_100-2.wav,0
a056_90_100-3.wav,0
a057_0_10-1.wav,0
a057_0_10-2.wav,0
a057_0_10-3.wav,0
a057_100_110-1.wav,0
a057_100_110-2.wav,0
a057_100_110-3.wav,0
a057_10_20-1.wav,0
a057_10_20-2.wav,0
a057_10_20-3.wav,0
a057_110_120-1.wav,0
a057_110_120-2.wav,0
a057_110_120-3.wav,0
a057_120_130-1.wav,0
a057_120_130-2.wav,0
a057_120_130-3.wav,0
a057_130_140-1.wav,0
a057_130_140-2.wav,0
a057_130_140-3.wav,0
a057_140_150-1.wav,0
a057_140_150-2.wav,0
a057_140_150-3.wav,0
a057_150_160-1.wav,0
a057_150_160-2.wav,0
a057_150_160-3.wav,0
a057_160_170-1.wav,0
a057_160_170-2.wav,0
a057_160_170-3.wav,0
a057_170_180-1.wav,0
a057_170_180-2.wav,0
a057_170_180-3.wav,0
a057_20_30-1.wav,0
a057_20_30-2.wav,0
a057_20_30-3.wav,0
a057_30_40-1.wav,0
a057_30_40-2.wav,0
a057_30_40-3.wav,0
a057_40_50-1.wav,0
a057_40_50-2.wav,0
a057_40_50-3.wav,0
a057_50_60-1.wav,0
a057_50_60-2.wav,0
a057_50_60-3.wav,0
a057_60_70-1.wav,0
a057_60_70-2.wav,0
a057_60_70-3.wav,0
a057_70_80-1.wav,0
a057_70_80-2.wav,0
a057_70_80-3.wav,0
a057_80_90-1.wav,0
a057_80_90-2.wav,0
a057_80_90-3.wav,0
a057_90_100-1.wav,0
a057_90_100-2.wav,0
a057_90_100-3.wav,0
a058_0_10-1.wav,0
a058_0_10-2.wav,0
a058_0_10-3.wav,0
a058_100_110-1.wav,0
a058_100_110-2.wav,0
a058_100_110-3.wav,0
a058_10_20-1.wav,0
a058_10_20-2.wav,0
a058_10_20-3.wav,0
a058_110_120-1.wav,0
a058_110_120-2.wav,0
a058_110_120-3.wav,0
a058_120_130-1.wav,0
a058_120_130-2.wav,0
a058_120_130-3.wav,0
a058_130_140-1.wav,0
a058_130_140-2.wav,0
a058_130_140-3.wav,0
a058_140_150-1.wav,0
a058_140_150-2.wav,0
a058_140_150-3.wav,0
a058_150_160-1.wav,0
a058_150_160-2.wav,0
a058_150_160-3.wav,0
a058_160_170-1.wav,0
a058_160_170-2.wav,0
a058_160_170-3.wav,0
a058_170_180-1.wav,0
a058_170_180-2.wav,0
a058_170_180-3.wav,0
a058_20_30-1.wav,0
a058_20_30-2.wav,0
a058_20_30-3.wav,0
a058_30_40-1.wav,0
a058_30_40-2.wav,0
a058_30_40-3.wav,0
a058_40_50-1.wav,0
a058_40_50-2.wav,0
a058_40_50-3.wav,0
a058_50_60-1.wav,0
a058_50_60-2.wav,0
a058_50_60-3.wav,0
a058_60_70-1.wav,0
a058_60_70-2.wav,0
a058_60_70-3.wav,0
a058_70_80-1.wav,0
a058_70_80-2.wav,0
a058_70_80-3.wav,0
a058_80_90-1.wav,0
a058_80_90-2.wav,0
a058_80_90-3.wav,0
a058_90_100-1.wav,0
a058_90_100-2.wav,0
a058_90_100-3.wav,0
a059_0_10-1.wav,0
a059_0_10-2.wav,0
a059_0_10-3.wav,0
a059_100_110-1.wav,0
a059_100_110-2.wav,0
a059_100_110-3.wav,0
a059_10_20-1.wav,0
a059_10_20-2.wav,0
a059_10_20-3.wav,0
a059_110_120-1.wav,0
a059_110_120-2.wav,0
a059_110_120-3.wav,0
a059_120_130-1.wav,0
a059_120_130-2.wav,0
a059_120_130-3.wav,0
a059_130_140-1.wav,0
a059_130_140-2.wav,0
a059_130_140-3.wav,0
a059_140_150-1.wav,0
a059_140_150-2.wav,0
a059_140_150-3.wav,0
a059_150_160-1.wav,0
a059_150_160-2.wav,0
a059_150_160-3.wav,0
a059_160_170-1.wav,0
a059_160_170-2.wav,0
a059_160_170-3.wav,0
a059_170_180-1.wav,0
a059_170_180-2.wav,0
a059_170_180-3.wav,0
a059_20_30-1.wav,0
a059_20_30-2.wav,0
a059_20_30-3.wav,0
a059_30_40-1.wav,0
a059_30_40-2.wav,0
a059_30_40-3.wav,0
a059_40_50-1.wav,0
a059_40_50-2.wav,0
a059_40_50-3.wav,0
a059_50_60-1.wav,0
a059_50_60-2.wav,0
a059_50_60-3.wav,0
a059_60_70-1.wav,0
a059_60_70-2.wav,0
a059_60_70-3.wav,0
a059_70_80-1.wav,0
a059_70_80-2.wav,0
a059_70_80-3.wav,0
a059_80_90-1.wav,0
a059_80_90-2.wav,0
a059_80_90-3.wav,0
a059_90_100-1.wav,0
a059_90_100-2.wav,0
a059_90_100-3.wav,0
a066_100_110-1.wav,0
a066_100_110-2.wav,0
a066_100_110-3.wav,0
a066_110_120-1.wav,0
a066_110_120-2.wav,0
a066_110_120-3.wav,0
a066_30_40-1.wav,0
a066_30_40-2.wav,0
a066_30_40-3.wav,0
a066_40_50-1.wav,0
a066_40_50-2.wav,0
a066_40_50-3.wav,0
a066_50_60-1.wav,0
a066_50_60-2.wav,0
a066_50_60-3.wav,0
a066_70_80-1.wav,0
a066_70_80-2.wav,0
a066_70_80-3.wav,0
a066_80_90-1.wav,0
a066_80_90-2.wav,0
a066_80_90-3.wav,0
a066_90_100-1.wav,0
a066_90_100-2.wav,0
a066_90_100-3.wav,0
a067_0_10-1.wav,0
a067_0_10-2.wav,0
a067_0_10-3.wav,0
a067_100_110-1.wav,0
a067_100_110-2.wav,0
a067_100_110-3.wav,0
a067_10_20-1.wav,0
a067_10_20-2.wav,0
a067_10_20-3.wav,0
a067_110_120-1.wav,0
a067_110_120-2.wav,0
a067_110_120-3.wav,0
a067_150_160-1.wav,0
a067_150_160-2.wav,0
a067_150_160-3.wav,0
a067_160_170-1.wav,0
a067_160_170-2.wav,0
a067_160_170-3.wav,0
a067_170_180-1.wav,0
a067_170_180-2.wav,0
a067_170_180-3.wav,0
a067_20_30-1.wav,0
a067_20_30-2.wav,0
a067_20_30-3.wav,0
a067_30_40-1.wav,0
a067_30_40-2.wav,0
a067_30_40-3.wav,0
a067_40_50-1.wav,0
a067_40_50-2.wav,0
a067_40_50-3.wav,0
a067_50_60-1.wav,0
a067_50_60-2.wav,0
a067_50_60-3.wav,0
a067_60_70-1.wav,0
a067_60_70-2.wav,0
a067_60_70-3.wav,0
a067_70_80-1.wav,0
a067_70_80-2.wav,0
a067_70_80-3.wav,0
a067_80_90-1.wav,0
a067_80_90-2.wav,0
a067_80_90-3.wav,0
a067_90_100-1.wav,0
a067_90_100-2.wav,0
a067_90_100-3.wav,0
a068_0_10-1.wav,0
a068_0_10-2.wav,0
a068_0_10-3.wav,0
a068_100_110-1.wav,0
a068_100_110-2.wav,0
a068_100_110-3.wav,0
a068_10_20-1.wav,0
a068_10_20-2.wav,0
a068_10_20-3.wav,0
a068_110_120-1.wav,0
a068_110_120-2.wav,0
a068_110_120-3.wav,0
a068_120_130-1.wav,0
a068_120_130-2.wav,0
a068_120_130-3.wav,0
a068_130_140-1.wav,0
a068_130_140-2.wav,0
a068_130_140-3.wav,0
a068_140_150-1.wav,0
a068_140_150-2.wav,0
a068_140_150-3.wav,0
a068_150_160-1.wav,0
a068_150_160-2.wav,0
a068_150_160-3.wav,0
a068_160_170-1.wav,0
a068_160_170-2.wav,0
a068_160_170-3.wav,0
a068_170_180-1.wav,0
a068_170_180-2.wav,0
a068_170_180-3.wav,0
a068_20_30-1.wav,0
a068_20_30-2.wav,0
a068_20_30-3.wav,0
a068_30_40-1.wav,0
a068_30_40-2.wav,0
a068_30_40-3.wav,0
a068_40_50-1.wav,0
a068_40_50-2.wav,0
a068_40_50-3.wav,0
a068_50_60-1.wav,0
a068_50_60-2.wav,0
a068_50_60-3.wav,0
a068_60_70-1.wav,0
a068_60_70-2.wav,0
a068_60_70-3.wav,0
a068_70_80-1.wav,0
a068_70_80-2.wav,0
a068_70_80-3.wav,0
a068_80_90-1.wav,0
a068_80_90-2.wav,0
a068_80_90-3.wav,0
a068_90_100-1.wav,0
a068_90_100-2.wav,0
a068_90_100-3.wav,0
a069_10_20-1.wav,0
a069_10_20-2.wav,0
a069_10_20-3.wav,0
a069_110_120-1.wav,0
a069_110_120-2.wav,0
a069_110_120-3.wav,0
a069_120_130-1.wav,0
a069_120_130-2.wav,0
a069_120_130-3.wav,0
a069_130_140-1.wav,0
a069_130_140-2.wav,0
a069_130_140-3.wav,0
a069_140_150-1.wav,0
a069_140_150-2.wav,0
a069_140_150-3.wav,0
a069_20_30-1.wav,0
a069_20_30-2.wav,0
a069_20_30-3.wav,0
a070_111_121-1.wav,0
a070_111_121-2.wav,0
a070_111_121-3.wav,0
a070_121_131-1.wav,0
a070_121_131-2.wav,0
a070_121_131-3.wav,0
a070_131_141-1.wav,0
a070_131_141-2.wav,0
a070_131_141-3.wav,0
a070_141_151-1.wav,0
a070_141_151-2.wav,0
a070_141_151-3.wav,0
a070_151_161-1.wav,0
a070_151_161-2.wav,0
a070_151_161-3.wav,0
a070_161_171-1.wav,0
a070_161_171-2.wav,0
a070_161_171-3.wav,0
a096_0_10-1.wav,0
a096_0_10-2.wav,0
a096_0_10-3.wav,0
a096_100_110-1.wav,0
a096_100_110-2.wav,0
a096_100_110-3.wav,0
a096_10_20-1.wav,0
a096_10_20-2.wav,0
a096_10_20-3.wav,0
a096_110_120-1.wav,0
a096_110_120-2.wav,0
a096_110_120-3.wav,0
a096_120_130-1.wav,0
a096_120_130-2.wav,0
a096_120_130-3.wav,0
a096_130_140-1.wav,0
a096_130_140-2.wav,0
a096_130_140-3.wav,0
a096_140_150-1.wav,0
a096_140_150-2.wav,0
a096_140_150-3.wav,0
a096_150_160-1.wav,0
a096_150_160-2.wav,0
a096_150_160-3.wav,0
a096_160_170-1.wav,0
a096_160_170-2.wav,0
a096_160_170-3.wav,0
a096_170_180-1.wav,0
a096_170_180-2.wav,0
a096_170_180-3.wav,0
a096_180_190-1.wav,0
a096_180_190-2.wav,0
a096_180_190-3.wav,0
a096_190_200-1.wav,0
a096_190_200-2.wav,0
a096_190_200-3.wav,0
a096_200_210-1.wav,0
a096_200_210-2.wav,0
a096_200_210-3.wav,0
a096_20_30-1.wav,0
a096_20_30-2.wav,0
a096_20_30-3.wav,0
a096_210_220-1.wav,0
a096_210_220-2.wav,0
a096_210_220-3.wav,0
a096_220_230-1.wav,0
a096_220_230-2.wav,0
a096_220_230-3.wav,0
a096_230_240-1.wav,0
a096_230_240-2.wav,0
a096_230_240-3.wav,0
a096_240_250-1.wav,0
a096_240_250-2.wav,0
a096_240_250-3.wav,0
a096_250_260-1.wav,0
a096_250_260-2.wav,0
a096_250_260-3.wav,0
a096_260_270-1.wav,0
a096_260_270-2.wav,0
a096_260_270-3.wav,0
a096_270_280-1.wav,0
a096_270_280-2.wav,0
a096_270_280-3.wav,0
a096_280_290-1.wav,0
a096_280_290-2.wav,0
a096_280_290-3.wav,0
a096_290_300-1.wav,0
a096_290_300-2.wav,0
a096_290_300-3.wav,0
a096_30_40-1.wav,0
a096_30_40-2.wav,0
a096_30_40-3.wav,0
a096_40_50-1.wav,0
a096_40_50-2.wav,0
a096_40_50-3.wav,0
a096_50_60-1.wav,0
a096_50_60-2.wav,0
a096_50_60-3.wav,0
a096_60_70-1.wav,0
a096_60_70-2.wav,0
a096_60_70-3.wav,0
a096_70_80-1.wav,0
a096_70_80-2.wav,0
a096_70_80-3.wav,0
a096_80_90-1.wav,0
a096_80_90-2.wav,0
a096_80_90-3.wav,0
a096_90_100-1.wav,0
a096_90_100-2.wav,0
a096_90_100-3.wav,0
a097_0_10-1.wav,0
a097_0_10-2.wav,0
a097_0_10-3.wav,0
a097_100_110-1.wav,0
a097_100_110-2.wav,0
a097_100_110-3.wav,0
a097_10_20-1.wav,0
a097_10_20-2.wav,0
a097_10_20-3.wav,0
a097_110_120-1.wav,0
a097_110_120-2.wav,0
a097_110_120-3.wav,0
a097_120_130-1.wav,0
a097_120_130-2.wav,0
a097_120_130-3.wav,0
a097_150_160-1.wav,0
a097_150_160-2.wav,0
a097_150_160-3.wav,0
a097_160_170-1.wav,0
a097_160_170-2.wav,0
a097_160_170-3.wav,0
a097_170_180-1.wav,0
a097_170_180-2.wav,0
a097_170_180-3.wav,0
a097_180_190-1.wav,0
a097_180_190-2.wav,0
a097_180_190-3.wav,0
a097_20_30-1.wav,0
a097_20_30-2.wav,0
a097_20_30-3.wav,0
a097_210_220-1.wav,0
a097_210_220-2.wav,0
a097_210_220-3.wav,0
a097_220_230-1.wav,0
a097_220_230-2.wav,0
a097_220_230-3.wav,0
a097_250_260-1.wav,0
a097_250_260-2.wav,0
a097_250_260-3.wav,0
a097_30_40-1.wav,0
a097_30_40-2.wav,0
a097_30_40-3.wav,0
a097_40_50-1.wav,0
a097_40_50-2.wav,0
a097_40_50-3.wav,0
a097_50_60-1.wav,0
a097_50_60-2.wav,0
a097_50_60-3.wav,0
a097_60_70-1.wav,0
a097_60_70-2.wav,0
a097_60_70-3.wav,0
a097_70_80-1.wav,0
a097_70_80-2.wav,0
a097_70_80-3.wav,0
a097_80_90-1.wav,0
a097_80_90-2.wav,0
a097_80_90-3.wav,0
a097_90_100-1.wav,0
a097_90_100-2.wav,0
a097_90_100-3.wav,0
a098_0_10-1.wav,0
a098_0_10-2.wav,0
a098_0_10-3.wav,0
a098_100_110-1.wav,0
a098_100_110-2.wav,0
a098_100_110-3.wav,0
a098_10_20-1.wav,0
a098_10_20-2.wav,0
a098_10_20-3.wav,0
a098_110_120-1.wav,0
a098_110_120-2.wav,0
a098_110_120-3.wav,0
a098_120_130-1.wav,0
a098_120_130-2.wav,0
a098_120_130-3.wav,0
a098_130_140-1.wav,0
a098_130_140-2.wav,0
a098_130_140-3.wav,0
a098_140_150-1.wav,0
a098_140_150-2.wav,0
a098_140_150-3.wav,0
a098_150_160-1.wav,0
a098_150_160-2.wav,0
a098_150_160-3.wav,0
a098_160_170-1.wav,0
a098_160_170-2.wav,0
a098_160_170-3.wav,0
a098_170_180-1.wav,0
a098_170_180-2.wav,0
a098_170_180-3.wav,0
a098_180_190-1.wav,0
a098_180_190-2.wav,0
a098_180_190-3.wav,0
a098_190_200-1.wav,0
a098_190_200-2.wav,0
a098_190_200-3.wav,0
a098_200_210-1.wav,0
a098_200_210-2.wav,0
a098_200_210-3.wav,0
a098_20_30-1.wav,0
a098_20_30-2.wav,0
a098_20_30-3.wav,0
a098_210_220-1.wav,0
a098_210_220-2.wav,0
a098_210_220-3.wav,0
a098_220_230-1.wav,0
a098_220_230-2.wav,0
a098_220_230-3.wav,0
a098_230_240-1.wav,0
a098_230_240-2.wav,0
a098_230_240-3.wav,0
a098_240_250-1.wav,0
a098_240_250-2.wav,0
a098_240_250-3.wav,0
a098_250_260-1.wav,0
a098_250_260-2.wav,0
a098_250_260-3.wav,0
a098_260_270-1.wav,0
a098_260_270-2.wav,0
a098_260_270-3.wav,0
a098_270_280-1.wav,0
a098_270_280-2.wav,0
a098_270_280-3.wav,0
a098_280_290-1.wav,0
a098_280_290-2.wav,0
a098_280_290-3.wav,0
a098_290_300-1.wav,0
a098_290_300-2.wav,0
a098_290_300-3.wav,0
a098_30_40-1.wav,0
a098_30_40-2.wav,0
a098_30_40-3.wav,0
a098_40_50-1.wav,0
a098_40_50-2.wav,0
a098_40_50-3.wav,0
a098_50_60-1.wav,0
a098_50_60-2.wav,0
a098_50_60-3.wav,0
a098_60_70-1.wav,0
a098_60_70-2.wav,0
a098_60_70-3.wav,0
a098_70_80-1.wav,0
a098_70_80-2.wav,0
a098_70_80-3.wav,0
a098_80_90-1.wav,0
a098_80_90-2.wav,0
a098_80_90-3.wav,0
a098_90_100-1.wav,0
a098_90_100-2.wav,0
a098_90_100-3.wav,0
Lago escondido Forest-1.wav,0
Lago escondido Forest-10.wav,0
Lago escondido Forest-11.wav,0
Lago escondido Forest-12.wav,0
Lago escondido Forest-2.wav,0
Lago escondido Forest-3.wav,0
Lago escondido Forest-4.wav,0
Lago escondido Forest-5.wav,0
Lago escondido Forest-6.wav,0
Lago escondido Forest-7.wav,0
Lago escondido Forest-8.wav,0
Lago escondido Forest-9.wav,0
NHU05007045-1.wav,0
NHU05007045-10.wav,0
NHU05007045-11.wav,0
NHU05007045-12.wav,0
NHU05007045-13.wav,0
NHU05007045-14.wav,0
NHU05007045-15.wav,0
NHU05007045-16.wav,0
NHU05007045-17.wav,0
NHU05007045-18.wav,0
NHU05007045-2.wav,0
NHU05007045-3.wav,0
NHU05007045-4.wav,0
NHU05007045-5.wav,0
NHU05007045-6.wav,0
NHU05007045-7.wav,0
NHU05007045-8.wav,0
NHU05007045-9.wav,0
NHU05028074-1.wav,0
NHU05028074-2.wav,0
NHU05028074-3.wav,0
NHU05028074-4.wav,0
NHU05028074-5.wav,0
NHU05028074-6.wav,0
NHU05028074-7.wav,0
NHU05028074-8.wav,0
NHU05028074-9.wav,0
NHU05070090-1.wav,0
NHU05070090-10.wav,0
NHU05070090-11.wav,0
NHU05070090-12.wav,0
NHU05070090-13.wav,0
NHU05070090-14.wav,0
NHU05070090-15.wav,0
NHU05070090-16.wav,0
NHU05070090-17.wav,0
NHU05070090-18.wav,0
NHU05070090-19.wav,0
NHU05070090-2.wav,0
NHU05070090-3.wav,0
NHU05070090-4.wav,0
NHU05070090-5.wav,0
NHU05070090-6.wav,0
NHU05070090-7.wav,0
NHU05070090-8.wav,0
NHU05070090-9.wav,0
NHU05070109-1.wav,0
NHU05070109-10.wav,0
NHU05070109-11.wav,0
NHU05070109-12.wav,0
NHU05070109-13.wav,0
NHU05070109-14.wav,0
NHU05070109-15.wav,0
NHU05070109-16.wav,0
NHU05070109-17.wav,0
NHU05070109-18.wav,0
NHU05070109-19.wav,0
NHU05070109-2.wav,0
NHU05070109-20.wav,0
NHU05070109-21.wav,0
NHU05070109-22.wav,0
NHU05070109-23.wav,0
NHU05070109-24.wav,0
NHU05070109-25.wav,0
NHU05070109-3.wav,0
NHU05070109-4.wav,0
NHU05070109-5.wav,0
NHU05070109-6.wav,0
NHU05070109-7.wav,0
NHU05070109-8.wav,0
NHU05070109-9.wav,0
NHU05072043-1.wav,0
NHU05072043-10.wav,0
NHU05072043-11.wav,0
NHU05072043-12.wav,0
NHU05072043-13.wav,0
NHU05072043-14.wav,0
NHU05072043-15.wav,0
NHU05072043-16.wav,0
NHU05072043-17.wav,0
NHU05072043-18.wav,0
NHU05072043-19.wav,0
NHU05072043-2.wav,0
NHU05072043-20.wav,0
NHU05072043-21.wav,0
NHU05072043-22.wav,0
NHU05072043-23.wav,0
NHU05072043-24.wav,0
NHU05072043-25.wav,0
NHU05072043-26.wav,0
NHU05072043-27.wav,0
NHU05072043-28.wav,0
NHU05072043-29.wav,0
NHU05072043-3.wav,0
NHU05072043-30.wav,0
NHU05072043-31.wav,0
NHU05072043-32.wav,0
NHU05072043-33.wav,0
NHU05072043-34.wav,0
NHU05072043-35.wav,0
NHU05072043-36.wav,0
NHU05072043-37.wav,0
NHU05072043-4.wav,0
NHU05072043-5.wav,0
NHU05072043-6.wav,0
NHU05072043-7.wav,0
NHU05072043-8.wav,0
NHU05072043-9.wav,0
NHU05072057-1.wav,0
NHU05072057-10.wav,0
NHU05072057-11.wav,0
NHU05072057-12.wav,0
NHU05072057-13.wav,0
NHU05072057-14.wav,0
NHU05072057-15.wav,0
NHU05072057-16.wav,0
NHU05072057-17.wav,0
NHU05072057-18.wav,0
NHU05072057-19.wav,0
NHU05072057-2.wav,0
NHU05072057-20.wav,0
NHU05072057-21.wav,0
NHU05072057-22.wav,0
NHU05072057-23.wav,0
NHU05072057-24.wav,0
NHU05072057-25.wav,0
NHU05072057-26.wav,0
NHU05072057-27.wav,0
NHU05072057-28.wav,0
NHU05072057-29.wav,0
NHU05072057-3.wav,0
NHU05072057-30.wav,0
NHU05072057-4.wav,0
NHU05072057-5.wav,0
NHU05072057-6.wav,0
NHU05072057-7.wav,0
NHU05072057-8.wav,0
NHU05072057-9.wav,0
NHU05073124-1.wav,0
NHU05073124-10.wav,0
NHU05073124-11.wav,0
NHU05073124-12.wav,0
NHU05073124-13.wav,0
NHU05073124-14.wav,0
NHU05073124-15.wav,0
NHU05073124-16.wav,0
NHU05073124-17.wav,0
NHU05073124-18.wav,0
NHU05073124-19.wav,0
NHU05073124-2.wav,0
NHU05073124-20.wav,0
NHU05073124-21.wav,0
NHU05073124-22.wav,0
NHU05073124-3.wav,0
NHU05073124-4.wav,0
NHU05073124-5.wav,0
NHU05073124-6.wav,0
NHU05073124-7.wav,0
NHU05073124-8.wav,0
NHU05073124-9.wav,0
NHU05080140-1.wav,0
NHU05080140-10.wav,0
NHU05080140-11.wav,0
NHU05080140-12.wav,0
NHU05080140-13.wav,0
NHU05080140-14.wav,0
NHU05080140-15.wav,0
NHU05080140-16.wav,0
NHU05080140-17.wav,0
NHU05080140-18.wav,0
NHU05080140-19.wav,0
NHU05080140-2.wav,0
NHU05080140-20.wav,0
NHU05080140-21.wav,0
NHU05080140-22.wav,0
NHU05080140-3.wav,0
NHU05080140-4.wav,0
NHU05080140-5.wav,0
NHU05080140-6.wav,0
NHU05080140-7.wav,0
NHU05080140-8.wav,0
NHU05080140-9.wav,0
NHU05089065-1.wav,0
NHU05089065-10.wav,0
NHU05089065-11.wav,0
NHU05089065-12.wav,0
NHU05089065-13.wav,0
NHU05089065-14.wav,0
NHU05089065-15.wav,0
NHU05089065-16.wav,0
NHU05089065-17.wav,0
NHU05089065-18.wav,0
NHU05089065-19.wav,0
NHU05089065-2.wav,0
NHU05089065-20.wav,0
NHU05089065-21.wav,0
NHU05089065-22.wav,0
NHU05089065-23.wav,0
NHU05089065-24.wav,0
NHU05089065-3.wav,0
NHU05089065-4.wav,0
NHU05089065-5.wav,0
NHU05089065-6.wav,0
NHU05089065-7.wav,0
NHU05089065-8.wav,0
NHU05089065-9.wav,0
NHU05090234-1.wav,0
NHU05090234-10.wav,0
NHU05090234-11.wav,0
NHU05090234-12.wav,0
NHU05090234-13.wav,0
NHU05090234-14.wav,0
NHU05090234-15.wav,0
NHU05090234-16.wav,0
NHU05090234-17.wav,0
NHU05090234-18.wav,0
NHU05090234-2.wav,0
NHU05090234-3.wav,0
NHU05090234-4.wav,0
NHU05090234-5.wav,0
NHU05090234-6.wav,0
NHU05090234-7.wav,0
NHU05090234-8.wav,0
NHU05090234-9.wav,0
NHU9710792-1.wav,0
NHU9710792-10.wav,0
NHU9710792-2.wav,0
NHU9710792-3.wav,0
NHU9710792-4.wav,0
NHU9710792-5.wav,0
NHU9710792-6.wav,0
NHU9710792-7.wav,0
NHU9710792-8.wav,0
NHU9710792-9.wav,0
Padule di Fucecchio-1.wav,0
Padule di Fucecchio-10.wav,0
Padule di Fucecchio-11.wav,0
Padule di Fucecchio-12.wav,0
Padule di Fucecchio-13.wav,0
Padule di Fucecchio-2.wav,0
Padule di Fucecchio-3.wav,0
Padule di Fucecchio-4.wav,0
Padule di Fucecchio-5.wav,0
Padule di Fucecchio-6.wav,0
Padule di Fucecchio-7.wav,0
Padule di Fucecchio-8.wav,0
Padule di Fucecchio-9.wav,0
Rio Azul Forest - El bolson-1.wav,0
Rio Azul Forest - El bolson-10.wav,0
Rio Azul Forest - El bolson-11.wav,0
Rio Azul Forest - El bolson-12.wav,0
Rio Azul Forest - El bolson-2.wav,0
Rio Azul Forest - El bolson-3.wav,0
Rio Azul Forest - El bolson-4.wav,0
Rio Azul Forest - El bolson-5.wav,0
Rio Azul Forest - El bolson-6.wav,0
Rio Azul Forest - El bolson-7.wav,0
Rio Azul Forest - El bolson-8.wav,0
Rio Azul Forest - El bolson-9.wav,0
